ref_pos_x,read_base_x,ref_base_x,base_count_x,overlap_ratio_x,avg_qscore_x,coverage_x,frequency_x,base_rank_x,probability_x,transition_x,type_x,mutation,ref_pos_y,read_base_y,ref_base_y,base_count_y,overlap_ratio_y,avg_qscore_y,coverage_y,frequency_y,base_rank_y,probability_y,transition_y,type_y,mutation_type,CriticalDelta,UseCaseGroup
106.0,T,C,5666.0,0.0002,38.5,5679.0,0.9977,0.0,1.0,CT,ts,C106T,106.0,T,C,4409.0,0.0009,38.3,4423.0,0.9968,0.0,1.0,CT,ts,,No,1
241.0,T,C,5744.0,0.9554,37.0,5755.0,0.9981,0.0,1.0,CT,ts,C241T,241.0,T,C,4521.0,0.8752,36.9,4522.0,0.9998,0.0,1.0,CT,ts,,No,1
512.0,-,C,402.0,0.9602,0.0,17572.0,0.0229,1.0,1.0,C-,del,C512-,512.0,-,C,52.0,0.8462,inf,2697.0,0.0193,1.0,1.0,C-,del,,No,6
513.0,-,A,408.0,0.9608,0.0,17550.0,0.0232,1.0,1.0,A-,del,A513-,513.0,-,A,53.0,0.8302,inf,2664.0,0.0199,1.0,1.0,A-,del,,No,6
514.0,-,T,408.0,0.9608,0.0,17573.0,0.0232,1.0,1.0,T-,del,T514-,514.0,-,T,54.0,0.8333,inf,2694.0,0.02,1.0,1.0,T-,del,,No,6
515.0,-,G,419.0,0.957,0.0,17605.0,0.0238,1.0,1.0,G-,del,G515-,515.0,-,G,59.0,0.8305,inf,2710.0,0.0218,1.0,1.0,G-,del,,No,6
516.0,-,T,427.0,0.9555,0.0,17502.0,0.0244,1.0,1.0,T-,del,T516-,516.0,-,T,57.0,0.8246,inf,2658.0,0.0214,1.0,1.0,T-,del,,No,6
517.0,-,T,437.0,0.9565,0.0,17603.0,0.0248,1.0,1.0,T-,del,T517-,517.0,-,T,57.0,0.8246,inf,2703.0,0.0211,1.0,1.0,T-,del,,No,6
518.0,-,A,485.0,0.9567,0.0,17567.0,0.0276,1.0,1.0,A-,del,A518-,518.0,-,A,85.0,0.8353,0.0,2685.0,0.0317,1.0,1.0,A-,del,,No,6
683.0,-,C,317.0,0.0,0.0,21440.0,0.0148,1.0,1.0,C-,del,C683-,683.0,-,C,131.0,0.0,0.0,12204.0,0.0107,1.0,1.0,C-,del,,No,6
683.0,T,C,21113.0,0.0056,36.7,21440.0,0.9847,0.0,1.0,CT,ts,C683T,683.0,T,C,12044.0,0.0012,37.4,12204.0,0.9869,0.0,1.0,CT,ts,,No,1
775.0,T,C,141.0,0.0,38.6,7855.0,0.018,1.0,1.0,CT,ts,C775T,775.0,T,C,218.0,0.0,38.6,9966.0,0.0219,1.0,1.0,CT,ts,,No,6
1870.0,G,A,2119.0,0.0,38.7,2138.0,0.9911,0.0,1.0,AG,ts,A1870G,1870.0,G,A,3963.0,0.0003,38.6,3988.0,0.9937,0.0,1.0,AG,ts,,No,1
3695.0,T,C,78.0,0.9744,37.7,2785.0,0.028,1.0,1.0,CT,ts,C3695T,3695.0,T,C,182.0,0.8681,37.6,5095.0,0.0357,1.0,1.0,CT,ts,,No,6
6402.0,T,C,5458.0,0.9749,36.6,5463.0,0.9991,0.0,1.0,CT,ts,C6402T,6402.0,T,C,3161.0,0.8042,37.2,3174.0,0.9959,0.0,1.0,CT,ts,P2046L,No,1
6520.0,T,A,182.0,0.0,38.8,5846.0,0.0311,1.0,1.0,AT,tv,A6520T,6520.0,T,A,466.0,0.0,38.7,6623.0,0.0704,1.0,1.0,AT,tv,K2085N,No,6
6522.0,A,T,182.0,0.0,38.6,5678.0,0.0321,1.0,1.0,TA,tv,T6522A,6522.0,A,T,465.0,0.0,38.6,6636.0,0.0701,1.0,1.0,TA,tv,I2086N,No,6
6700.001,T,-,53.0,0.0,38.9,1383.0,0.0383,4.0,1.0,-T,ins,-6700T,6700.001,T,-,272.0,0.0,38.5,5337.0,0.051,4.0,1.0,-T,ins,,No,6
9561.0,T,C,2762.0,0.0018,38.9,2773.0,0.996,0.0,1.0,CT,ts,C9561T,9561.0,T,C,1856.0,0.0,38.8,1907.0,0.9733,0.0,1.0,CT,ts,S3099L,No,1
10249.0,C,T,11429.0,0.9758,38.4,11437.0,0.9993,0.0,1.0,TC,ts,T10249C,10249.0,C,T,11095.0,0.9324,38.2,11165.0,0.9937,0.0,1.0,TC,ts,,No,1
11084.001,T,-,144.0,0.0,37.8,2140.0,0.0673,4.0,1.0,-T,ins,-11084T,11084.001,T,-,588.0,0.0,37.6,7424.0,0.0792,4.0,1.0,-T,ins,,No,6
11084.001,T,-,144.0,0.0,37.8,2140.0,0.0673,4.0,1.0,-T,ins,-11084T,11084.002,T,-,105.0,0.0,37.6,7424.0,0.0141,4.0,1.0,-T,ins,,No,6
12049.0,T,C,251.0,0.9602,38.3,8174.0,0.0307,1.0,1.0,CT,ts,C12049T,12049.0,T,C,324.0,0.8827,38.4,9894.0,0.0327,1.0,1.0,CT,ts,,No,6
14408.0,T,C,3849.0,0.9405,38.4,3858.0,0.9977,0.0,1.0,CT,ts,C14408T,14408.0,T,C,3248.0,0.7383,38.2,3261.0,0.996,0.0,1.0,CT,ts,P4715L,No,1
15141.0,A,C,56.0,0.0,33.9,1734.0,0.0323,1.0,1.0,CA,ox,C15141A,15141.0,A,C,78.0,0.0,34.5,2750.0,0.0284,1.0,1.0,CA,ox,,No,6
15157.0,A,C,341.0,0.0,36.8,2457.0,0.1388,1.0,1.0,CA,ox,C15157A,15157.0,A,C,324.0,0.0,37.3,3623.0,0.0894,1.0,1.0,CA,ox,Q4965K,No,6
15168.0,A,G,90.0,0.0,35.9,1010.0,0.0891,1.0,1.0,GA,ts,G15168A,15168.0,A,G,74.0,0.0,36.4,1650.0,0.0448,1.0,1.0,GA,ts,,No,6
15965.001,T,-,128.0,0.0,37.9,6115.0,0.0209,4.0,1.0,-T,ins,-15965T,15965.001,T,-,168.0,0.0,38.0,10909.0,0.0154,4.0,1.0,-T,ins,,No,6
15969.001,T,-,127.0,0.0,38.1,6140.0,0.0207,4.0,1.0,-T,ins,-15969T,15969.001,T,-,173.0,0.0058,38.1,10900.0,0.0159,4.0,1.0,-T,ins,,No,6
17427.0,T,G,12513.0,0.0026,38.3,12527.0,0.9989,0.0,1.0,GT,ox,G17427T,17427.0,T,G,16307.0,0.0004,38.1,16335.0,0.9983,0.0,1.0,GT,ox,,No,1
18167.0,T,C,443.0,0.9639,38.4,6687.0,0.0662,1.0,1.0,CT,ts,C18167T,18167.0,T,C,506.0,0.7846,38.4,6540.0,0.0774,1.0,1.0,CT,ts,P5968L,No,6
18175.0,T,C,6672.0,0.9601,38.3,6674.0,0.9997,0.0,1.0,CT,ts,C18175T,18175.0,T,C,6498.0,0.8181,38.1,6518.0,0.9969,0.0,1.0,CT,ts,P5971S,No,1
20002.0,T,G,538.0,0.0019,38.5,538.0,1.0,0.0,1.0,GT,ox,G20002T,20002.0,T,G,1019.0,0.0039,38.6,1020.0,0.999,0.0,1.0,GT,ox,D6580Y,No,1
21803.0,T,A,102.0,0.9902,38.3,3820.0,0.0267,1.0,1.0,AT,tv,A21803T,21803.0,T,A,209.0,0.8852,38.1,7583.0,0.0276,1.0,1.0,AT,tv,N81Y,No,6
22917.0,G,T,317.0,0.0,37.7,317.0,1.0,0.0,1.0,TG,tv,T22917G,22917.0,G,T,1145.0,0.0096,37.6,1147.0,0.9983,0.0,1.0,TG,tv,L452R,No,1
23248.0,T,C,50.0,0.0,38.9,3044.0,0.0164,1.0,1.0,CT,ts,C23248T,23248.0,T,C,119.0,0.0,38.7,11009.0,0.0108,1.0,1.0,CT,ts,,No,6
23403.0,G,A,2978.0,0.001,38.5,2980.0,0.9993,0.0,1.0,AG,ts,A23403G,23403.0,G,A,10379.0,0.0,38.5,10421.0,0.996,0.0,1.0,AG,ts,D614G,No,1
23564.0,-,G,51.0,0.0,inf,3786.0,0.0135,1.0,1.0,G-,del,G23564-,23564.0,-,G,75.0,0.0,inf,4681.0,0.016,1.0,1.0,G-,del,,No,6
23569.0,-,T,52.0,0.0,inf,3681.0,0.0141,1.0,1.0,T-,del,T23569-,23569.0,-,T,64.0,0.0,inf,4589.0,0.0139,1.0,1.0,T-,del,,No,6
23570.0,-,A,52.0,0.0,inf,3808.0,0.0137,1.0,1.0,A-,del,A23570-,23570.0,-,A,64.0,0.0,inf,4746.0,0.0135,1.0,1.0,A-,del,,No,6
23571.0,-,T,59.0,0.0,inf,3824.0,0.0154,1.0,1.0,T-,del,T23571-,23571.0,-,T,65.0,0.0,inf,4797.0,0.0136,1.0,1.0,T-,del,,No,6
23572.0,-,A,66.0,0.0,inf,3817.0,0.0173,1.0,1.0,A-,del,A23572-,23572.0,-,A,63.0,0.0,inf,4773.0,0.0132,1.0,1.0,A-,del,,No,6
23573.0,-,T,65.0,0.0,inf,3841.0,0.0169,1.0,1.0,T-,del,T23573-,23573.0,-,T,62.0,0.0,inf,4839.0,0.0128,1.0,1.0,T-,del,,No,6
23574.0,-,G,58.0,0.0,inf,3820.0,0.0152,1.0,1.0,G-,del,G23574-,23574.0,-,G,62.0,0.0,inf,4757.0,0.013,1.0,1.0,G-,del,,No,6
23575.0,-,C,58.0,0.0,inf,3819.0,0.0152,1.0,1.0,C-,del,C23575-,23575.0,-,C,62.0,0.0,inf,4786.0,0.013,1.0,1.0,C-,del,,No,6
23576.0,-,G,57.0,0.0,inf,3815.0,0.0149,1.0,1.0,G-,del,G23576-,23576.0,-,G,68.0,0.0,inf,4751.0,0.0143,1.0,1.0,G-,del,,No,6
23577.0,-,C,57.0,0.0,inf,3824.0,0.0149,1.0,1.0,C-,del,C23577-,23577.0,-,C,64.0,0.0,inf,4806.0,0.0133,1.0,1.0,C-,del,,No,6
23578.0,-,T,57.0,0.0,inf,3817.0,0.0149,1.0,1.0,T-,del,T23578-,23578.0,-,T,62.0,0.0,inf,4785.0,0.013,1.0,1.0,T-,del,,No,6
23579.0,-,A,60.0,0.0,inf,3799.0,0.0158,1.0,1.0,A-,del,A23579-,23579.0,-,A,63.0,0.0,inf,4717.0,0.0134,1.0,1.0,A-,del,,No,6
23580.0,-,G,62.0,0.0,inf,3838.0,0.0162,1.0,1.0,G-,del,G23580-,23580.0,-,G,61.0,0.0,inf,4752.0,0.0128,1.0,1.0,G-,del,,No,6
23581.0,-,T,61.0,0.0,inf,3795.0,0.0161,1.0,1.0,T-,del,T23581-,23581.0,-,T,60.0,0.0,inf,4770.0,0.0126,1.0,1.0,T-,del,,No,6
23582.0,-,T,60.0,0.0,inf,3841.0,0.0156,1.0,1.0,T-,del,T23582-,23582.0,-,T,63.0,0.0,inf,4864.0,0.013,1.0,1.0,T-,del,,No,6
24751.0,T,G,6793.0,0.0035,38.8,6804.0,0.9984,0.0,1.0,GT,ox,G24751T,24751.0,T,G,10557.0,0.0009,38.5,10579.0,0.9979,0.0,1.0,GT,ox,L1063F,No,1
25970.0,T,G,1520.0,0.0,38.8,1525.0,0.9967,0.0,1.0,GT,ox,G25970T,25970.0,T,G,2626.0,0.0,38.6,2638.0,0.9955,0.0,1.0,GT,ox,W193L,No,1
25971.0,A,G,1525.0,0.0,38.7,1528.0,0.998,0.0,1.0,GA,ts,G25971A,25971.0,A,G,2647.0,0.0,38.5,2659.0,0.9955,0.0,1.0,GA,ts,W193*,No,1
26228.0,T,C,53.0,0.0189,38.6,2654.0,0.02,1.0,1.0,CT,ts,C26228T,26228.0,T,C,184.0,0.0,38.6,7745.0,0.0238,1.0,1.0,CT,ts,,No,6
26840.0,A,G,3519.0,0.0014,38.3,3535.0,0.9955,0.0,1.0,GA,ts,G26840A,26840.0,A,G,5552.0,0.0002,38.5,5603.0,0.9909,0.0,1.0,GA,ts,,No,1
27182.0,C,T,155.0,0.0129,37.5,6824.0,0.0227,1.0,1.0,TC,ts,T27182C,27182.0,C,T,235.0,0.0043,38.2,11640.0,0.0202,1.0,1.0,TC,ts,,No,6
27214.0,T,G,2097.0,0.0038,38.8,2163.0,0.9695,0.0,1.0,GT,ox,G27214T,27214.0,T,G,9110.0,0.0,38.7,9353.0,0.974,0.0,1.0,GT,ox,V5F,No,1
28547.0,C,A,196.0,0.9847,38.0,10469.0,0.0187,1.0,1.0,AC,tv,A28547C,28547.0,C,A,92.0,0.9239,37.7,4611.0,0.02,1.0,1.0,AC,tv,,No,6
29055.001,A,-,206.0,0.0,38.7,9514.0,0.0217,4.0,1.0,-A,ins,-29055A,29055.001,A,-,210.0,0.0,38.5,5811.0,0.0361,4.0,1.0,-A,ins,,No,6
29759.0,T,G,4916.0,0.0008,38.4,4939.0,0.9953,0.0,1.0,GT,ox,G29759T,29759.0,T,G,1708.0,0.0023,38.4,1726.0,0.9896,0.0,1.0,GT,ox,,No,1
