ref_pos_x,read_base_x,ref_base_x,base_count_x,overlap_ratio_x,avg_qscore_x,coverage_x,frequency_x,base_rank_x,probability_x,transition_x,type_x,mutation,ref_pos_y,read_base_y,ref_base_y,base_count_y,overlap_ratio_y,avg_qscore_y,coverage_y,frequency_y,base_rank_y,probability_y,transition_y,type_y,mutation_type,CriticalDelta,UseCaseGroup
241.0,T,C,7260.0,0.8696,37.1,7272.0,0.9983,0.0,1.0,CT,ts,C241T,241.0,T,C,769.0,0.0,38.0,774.0,0.9935400516795866,0.0,1.0,CT,ts,,No,1
355.0,T,C,1946.0,0.0108,37.3,17213.0,0.1131,1.0,1.0,CT,ts,C355T,355.0,T,C,71.0,0.0,38.2,609.0,0.1165845648604269,1.0,1.0,CT,ts,,No,6
1839.0,G,A,303.0,0.0,38.4,391.0,0.7749,0.0,1.0,AG,ts,A1839G,1839.0,G,A,662.0,0.0,38.6,866.0,0.7644341801385681,0.0,1.0,AG,ts,E525G,No,3
1848.0,T,C,84.0,0.0119,38.6,393.0,0.2137,1.0,1.0,CT,ts,C1848T,1848.0,T,C,174.0,0.0,38.8,812.0,0.2142857142857142,1.0,1.0,CT,ts,S528L,No,6
2832.0,G,A,6437.0,0.0334,37.2,6737.0,0.9555,0.0,1.0,AG,ts,A2832G,2832.0,G,A,492.0,0.0,38.7,518.0,0.9498069498069498,0.0,1.0,AG,ts,K856R,No,1
2973.0,T,C,3845.0,0.6244,37.3,3877.0,0.9917,0.0,1.0,CT,ts,C2973T,2973.0,T,C,1057.0,0.0,38.3,1057.0,1.0,0.0,1.0,CT,ts,A903V,No,1
2995.0,A,G,3889.0,0.6207,38.0,3902.0,0.9967,0.0,1.0,GA,ts,G2995A,2995.0,A,G,1130.0,0.0,38.7,1130.0,1.0,0.0,1.0,GA,ts,,No,1
3048.0,T,A,956.0,0.5785,36.7,3587.0,0.2665,1.0,1.0,AT,tv,A3048T,3048.0,T,A,250.0,0.0,38.7,1164.0,0.2147766323024054,1.0,1.0,AT,tv,D928V,No,6
3273.0,T,A,2314.0,0.8094,38.2,4946.0,0.4679,1.0,1.0,AT,tv,A3273T,3273.0,T,A,684.0,0.0,38.8,1782.0,0.3838383838383838,1.0,1.0,AT,tv,Q1003L,No,6
5386.0,G,T,1235.0,0.0057,37.3,1238.0,0.9976,0.0,1.0,TG,tv,T5386G,5386.0,G,T,1696.0,0.0,38.0,1698.0,0.9988221436984688,0.0,1.0,TG,tv,,No,1
6513.0,-,G,1992.0,0.0,0.0,1998.0,0.997,0.0,1.0,G-,del,G6513-,6513.0,-,G,185.0,0.0,inf,186.0,0.9946236559139784,0.0,1.0,G-,del,,No,1
6514.0,-,T,1993.0,0.0,0.0,1998.0,0.9975,0.0,1.0,T-,del,T6514-,6514.0,-,T,185.0,0.0,inf,186.0,0.9946236559139784,0.0,1.0,T-,del,,No,1
6515.0,-,T,1990.0,0.0,0.0,1997.0,0.9965,0.0,1.0,T-,del,T6515-,6515.0,-,T,185.0,0.0,inf,186.0,0.9946236559139784,0.0,1.0,T-,del,,No,1
8393.0,A,G,1005.0,0.003,38.6,1085.0,0.9263,0.0,1.0,GA,ts,G8393A,8393.0,A,G,2152.0,0.0,38.8,2153.0,0.9995355318160706,0.0,1.0,GA,ts,A2710T,No,1
10029.0,T,C,5923.0,0.845,36.9,5929.0,0.999,0.0,1.0,CT,ts,C10029T,10029.0,T,C,1235.0,0.0,38.7,1239.0,0.9967715899919288,0.0,1.0,CT,ts,T3255I,No,1
10449.0,A,C,6880.0,0.0423,37.8,6885.0,0.9993,0.0,1.0,CA,ox,C10449A,10449.0,A,C,1625.0,0.0,37.9,1626.0,0.9993849938499384,0.0,1.0,CA,ox,P3395H,No,1
10465.0,A,G,4863.0,0.0025,38.5,4869.0,0.9988,0.0,1.0,GA,ts,G10465A,10465.0,A,G,1513.0,0.0,38.8,1513.0,1.0,0.0,1.0,GA,ts,,No,1
11283.0,-,G,4143.0,0.0002,0.0,4188.0,0.9893,0.0,1.0,G-,del,G11283-,11283.0,-,G,595.0,0.0,0.0,2231.0,0.2666965486329,1.0,1.0,G-,del,,Yes,2
11284.0,-,T,4148.0,0.0002,0.0,4194.0,0.989,0.0,1.0,T-,del,T11284-,11284.0,-,T,595.0,0.0,0.0,2201.0,0.2703316674238982,1.0,1.0,T-,del,,Yes,2
11285.0,-,T,4153.0,0.0002,0.0,4191.0,0.9909,0.0,1.0,T-,del,T11285-,11285.0,-,T,601.0,0.0,0.0,2143.0,0.2804479701353243,1.0,1.0,T-,del,,Yes,2
11286.0,-,T,4153.0,0.0002,0.0,4192.0,0.9907,0.0,1.0,T-,del,T11286-,11286.0,-,T,601.0,0.0,0.0,2134.0,0.281630740393627,1.0,1.0,T-,del,,Yes,2
11287.0,-,G,4187.0,0.001,0.0,4190.0,0.9993,0.0,1.0,G-,del,G11287-,11287.0,-,G,1926.0,0.0,0.0,1930.0,0.9979274611398964,0.0,1.0,G-,del,,No,1
11288.0,-,T,4184.0,0.001,0.0,4188.0,0.999,0.0,1.0,T-,del,T11288-,11288.0,-,T,1930.0,0.0,0.0,1931.0,0.9994821336095288,0.0,1.0,T-,del,,No,1
11289.0,-,C,4183.0,0.001,0.0,4189.0,0.9986,0.0,1.0,C-,del,C11289-,11289.0,-,C,1930.0,0.0,0.0,2657.0,0.7263831388784343,0.0,1.0,C-,del,,No,1
11290.0,-,T,4182.0,0.001,0.0,4189.0,0.9983,0.0,1.0,T-,del,T11290-,11290.0,-,T,1930.0,0.0,0.0,2658.0,0.7261098570353649,0.0,1.0,T-,del,,No,1
11291.0,-,G,4184.0,0.001,0.0,4190.0,0.9986,0.0,1.0,G-,del,G11291-,11291.0,-,G,1930.0,0.0,0.0,2661.0,0.7252912438932732,0.0,1.0,G-,del,,No,1
11537.0,G,A,902.0,0.5754,36.8,908.0,0.9934,0.0,1.0,AG,ts,A11537G,11537.0,G,A,2793.0,0.0,38.3,2795.0,0.9992844364937388,0.0,1.0,AG,ts,I3758V,No,1
13195.0,C,T,11385.0,0.0329,38.0,11397.0,0.9989,0.0,1.0,TC,ts,T13195C,13195.0,C,T,1740.0,0.0,38.7,1740.0,1.0,0.0,1.0,TC,ts,,No,1
14408.0,T,C,3370.0,0.0386,38.4,3376.0,0.9982,0.0,1.0,CT,ts,C14408T,14408.0,T,C,1308.0,0.0,38.7,1308.0,1.0,0.0,1.0,CT,ts,P4715L,No,1
15157.0,A,C,218.0,0.0046,37.5,1119.0,0.1948,1.0,1.0,CA,ox,C15157A,15157.0,A,C,83.0,0.0,37.8,1833.0,0.0452809601745771,1.0,1.0,CA,ox,Q4965K,No,5
15173.0,A,C,88.0,0.0,37.9,1387.0,0.0634,1.0,1.0,CA,ox,C15173A,15173.0,A,C,64.0,0.0,37.3,1853.0,0.0345385860766324,1.0,1.0,CA,ox,S4970*,No,6
15240.0,T,C,2054.0,0.0054,38.6,2057.0,0.9985,0.0,1.0,CT,ts,C15240T,15240.0,T,C,1905.0,0.0,38.6,1909.0,0.997904662126768,0.0,1.0,CT,ts,,No,1
15684.0,C,T,1808.0,0.0,38.7,2322.0,0.7786,0.0,1.0,TC,ts,T15684C,15684.0,C,T,1891.0,0.0,38.7,2515.0,0.7518886679920477,0.0,1.0,TC,ts,,No,3
15969.001,T,-,216.0,0.0185,37.6,10172.0,0.0212,3.0,1.0,-T,ins,-15969T,15969.001,T,-,89.0,0.0,38.0,3803.0,0.0234025769129634,4.0,1.0,-T,ins,,No,6
18163.0,G,A,105.0,0.0,38.4,106.0,0.9906,0.0,1.0,AG,ts,A18163G,18163.0,G,A,372.0,0.0,38.4,372.0,1.0,0.0,1.0,AG,ts,I5967V,No,1
18318.0,T,G,228.0,0.0,36.3,3726.0,0.0612,1.0,1.0,GT,ox,G18318T,18318.0,T,G,124.0,0.0,36.7,1898.0,0.0653319283456269,1.0,1.0,GT,ox,,No,6
20521.0,A,G,197.0,0.0102,38.7,197.0,1.0,0.0,1.0,GA,ts,G20521A,20521.0,A,G,2092.0,0.0,38.8,2094.0,0.9990448901623686,0.0,1.0,GA,ts,D6753N,No,1
21614.0,T,C,899.0,0.3148,38.5,2987.0,0.301,1.0,1.0,CT,ts,C21614T,21614.0,T,C,552.0,0.0,38.8,1786.0,0.3090705487122061,1.0,1.0,CT,ts,L18F,No,6
21646.0,T,C,164.0,0.2622,38.4,2968.0,0.0553,1.0,1.0,CT,ts,C21646T,21646.0,T,C,95.0,0.0,38.8,2028.0,0.046844181459566,1.0,1.0,CT,ts,,No,6
21762.0,T,C,1167.0,0.6564,37.8,1173.0,0.9949,0.0,1.0,CT,ts,C21762T,21762.0,T,C,1601.0,0.0,38.7,1604.0,0.9981296758104738,0.0,1.0,CT,ts,A67V,No,1
21765.0,-,T,165.0,0.0303,0.0,435.0,0.3793,1.0,1.0,T-,del,T21765-,21765.0,-,T,745.0,0.0,0.0,1607.0,0.4635967641568139,1.0,1.0,T-,del,,No,6
21766.0,-,A,1199.0,0.6447,0.0,1203.0,0.9967,0.0,1.0,A-,del,A21766-,21766.0,-,A,1419.0,0.0,0.0,1419.0,1.0,0.0,1.0,A-,del,,No,1
21767.0,-,C,1201.0,0.6453,0.0,1209.0,0.9934,0.0,1.0,C-,del,C21767-,21767.0,-,C,1419.0,0.0,0.0,1419.0,1.0,0.0,1.0,C-,del,,No,1
21768.0,-,A,1198.0,0.6444,0.0,1206.0,0.9934,0.0,1.0,A-,del,A21768-,21768.0,-,A,1416.0,0.0,0.0,1419.0,0.9978858350951374,0.0,1.0,A-,del,,No,1
21769.0,-,T,1198.0,0.6444,0.0,1209.0,0.9909,0.0,1.0,T-,del,T21769-,21769.0,-,T,1416.0,0.0,0.0,1419.0,0.9978858350951374,0.0,1.0,T-,del,,No,1
21770.0,-,G,1197.0,0.6449,0.0,1205.0,0.9934,0.0,1.0,G-,del,G21770-,21770.0,-,G,1416.0,0.0,0.0,1419.0,0.9978858350951374,0.0,1.0,G-,del,,No,1
21771.0,-,T,269.0,0.0112,0.0,425.0,0.6329,0.0,1.0,T-,del,T21771-,21771.0,-,T,674.0,0.0,0.0,1547.0,0.4356819650937298,1.0,1.0,T-,del,,No,4
21846.0,T,C,965.0,0.0021,37.4,967.0,0.9979,0.0,1.0,CT,ts,C21846T,21846.0,T,C,1252.0,0.0,38.7,1252.0,1.0,0.0,1.0,CT,ts,T95I,No,1
21987.0,-,G,748.0,0.0,0.0,750.0,0.9973,0.0,1.0,G-,del,G21987-,21987.0,-,G,906.0,0.0,0.0,906.0,1.0,0.0,1.0,G-,del,,No,1
21988.0,-,T,749.0,0.0,0.0,750.0,0.9987,0.0,1.0,T-,del,T21988-,21988.0,-,T,906.0,0.0,0.0,906.0,1.0,0.0,1.0,T-,del,,No,1
21989.0,-,G,750.0,0.0,0.0,752.0,0.9973,0.0,1.0,G-,del,G21989-,21989.0,-,G,906.0,0.0,0.0,906.0,1.0,0.0,1.0,G-,del,,No,1
21990.0,-,T,750.0,0.0,0.0,752.0,0.9973,0.0,1.0,T-,del,T21990-,21990.0,-,T,906.0,0.0,0.0,906.0,1.0,0.0,1.0,T-,del,,No,1
21991.0,-,T,750.0,0.0,0.0,753.0,0.996,0.0,1.0,T-,del,T21991-,21991.0,-,T,906.0,0.0,0.0,906.0,1.0,0.0,1.0,T-,del,,No,1
21992.0,-,T,750.0,0.0,0.0,754.0,0.9947,0.0,1.0,T-,del,T21992-,21992.0,-,T,906.0,0.0,0.0,906.0,1.0,0.0,1.0,T-,del,,No,1
21993.0,-,A,750.0,0.0,0.0,757.0,0.9908,0.0,1.0,A-,del,A21993-,21993.0,-,A,906.0,0.0,0.0,906.0,1.0,0.0,1.0,A-,del,,No,1
21994.0,-,T,750.0,0.0,0.0,752.0,0.9973,0.0,1.0,T-,del,T21994-,21994.0,-,T,906.0,0.0,0.0,906.0,1.0,0.0,1.0,T-,del,,No,1
21995.0,-,T,750.0,0.0,0.0,754.0,0.9947,0.0,1.0,T-,del,T21995-,21995.0,-,T,906.0,0.0,0.0,906.0,1.0,0.0,1.0,T-,del,,No,1
22194.0,-,A,928.0,0.0409,0.0,929.0,0.9989,0.0,1.0,A-,del,A22194-,22194.0,-,A,674.0,0.0,0.0,674.0,1.0,0.0,1.0,A-,del,,No,1
22195.0,-,T,928.0,0.0409,0.0,929.0,0.9989,0.0,1.0,T-,del,T22195-,22195.0,-,T,674.0,0.0,0.0,674.0,1.0,0.0,1.0,T-,del,,No,1
22196.0,-,T,928.0,0.0409,0.0,929.0,0.9989,0.0,1.0,T-,del,T22196-,22196.0,-,T,674.0,0.0,0.0,674.0,1.0,0.0,1.0,T-,del,,No,1
22204.001,G,-,771.0,0.048,37.8,857.0,0.8996,3.0,1.0,-G,ins,-22204G,22204.001,G,-,404.0,0.0,38.7,653.0,0.6186830015313936,4.0,1.0,-G,ins,,No,1
22204.001,G,-,771.0,0.048,37.8,857.0,0.8996,3.0,1.0,-G,ins,-22204G,22204.003,G,-,402.0,0.0,38.6,653.0,0.6156202143950995,4.0,1.0,-G,ins,,No,1
22204.001,G,-,771.0,0.048,37.8,857.0,0.8996,3.0,1.0,-G,ins,-22204G,22204.007,G,-,406.0,0.0,37.9,653.0,0.6217457886676876,3.0,1.0,-G,ins,,No,1
22204.003,G,-,789.0,0.0469,38.2,857.0,0.9207,4.0,1.0,-G,ins,-22204G,22204.001,G,-,404.0,0.0,38.7,653.0,0.6186830015313936,4.0,1.0,-G,ins,,No,1
22204.003,G,-,789.0,0.0469,38.2,857.0,0.9207,4.0,1.0,-G,ins,-22204G,22204.003,G,-,402.0,0.0,38.6,653.0,0.6156202143950995,4.0,1.0,-G,ins,,No,1
22204.003,G,-,789.0,0.0469,38.2,857.0,0.9207,4.0,1.0,-G,ins,-22204G,22204.007,G,-,406.0,0.0,37.9,653.0,0.6217457886676876,3.0,1.0,-G,ins,,No,1
22204.007,G,-,794.0,0.0466,38.2,857.0,0.9265,4.0,1.0,-G,ins,-22204G,22204.001,G,-,404.0,0.0,38.7,653.0,0.6186830015313936,4.0,1.0,-G,ins,,No,1
22204.007,G,-,794.0,0.0466,38.2,857.0,0.9265,4.0,1.0,-G,ins,-22204G,22204.003,G,-,402.0,0.0,38.6,653.0,0.6156202143950995,4.0,1.0,-G,ins,,No,1
22204.007,G,-,794.0,0.0466,38.2,857.0,0.9265,4.0,1.0,-G,ins,-22204G,22204.007,G,-,406.0,0.0,37.9,653.0,0.6217457886676876,3.0,1.0,-G,ins,,No,1
22204.002,A,-,801.0,0.0462,38.4,857.0,0.9347,3.0,1.0,-A,ins,-22204A,22204.002,A,-,407.0,0.0,38.6,653.0,0.6232771822358346,4.0,1.0,-A,ins,,No,1
22204.002,A,-,801.0,0.0462,38.4,857.0,0.9347,3.0,1.0,-A,ins,-22204A,22204.006,A,-,403.0,0.0,38.4,653.0,0.6171516079632465,3.0,1.0,-A,ins,,No,1
22204.002,A,-,801.0,0.0462,38.4,857.0,0.9347,3.0,1.0,-A,ins,-22204A,22204.008,A,-,399.0,0.0,37.8,653.0,0.6110260336906586,4.0,1.0,-A,ins,,No,1
22204.002,A,-,801.0,0.0462,38.4,857.0,0.9347,3.0,1.0,-A,ins,-22204A,22204.009,A,-,405.0,0.0,38.0,653.0,0.6202143950995406,4.0,1.0,-A,ins,,No,1
22204.006,A,-,793.0,0.0467,38.4,857.0,0.9253,3.0,1.0,-A,ins,-22204A,22204.002,A,-,407.0,0.0,38.6,653.0,0.6232771822358346,4.0,1.0,-A,ins,,No,1
22204.006,A,-,793.0,0.0467,38.4,857.0,0.9253,3.0,1.0,-A,ins,-22204A,22204.006,A,-,403.0,0.0,38.4,653.0,0.6171516079632465,3.0,1.0,-A,ins,,No,1
22204.006,A,-,793.0,0.0467,38.4,857.0,0.9253,3.0,1.0,-A,ins,-22204A,22204.008,A,-,399.0,0.0,37.8,653.0,0.6110260336906586,4.0,1.0,-A,ins,,No,1
22204.006,A,-,793.0,0.0467,38.4,857.0,0.9253,3.0,1.0,-A,ins,-22204A,22204.009,A,-,405.0,0.0,38.0,653.0,0.6202143950995406,4.0,1.0,-A,ins,,No,1
22204.008,A,-,782.0,0.0473,37.5,857.0,0.9125,4.0,1.0,-A,ins,-22204A,22204.002,A,-,407.0,0.0,38.6,653.0,0.6232771822358346,4.0,1.0,-A,ins,,No,1
22204.008,A,-,782.0,0.0473,37.5,857.0,0.9125,4.0,1.0,-A,ins,-22204A,22204.006,A,-,403.0,0.0,38.4,653.0,0.6171516079632465,3.0,1.0,-A,ins,,No,1
22204.008,A,-,782.0,0.0473,37.5,857.0,0.9125,4.0,1.0,-A,ins,-22204A,22204.008,A,-,399.0,0.0,37.8,653.0,0.6110260336906586,4.0,1.0,-A,ins,,No,1
22204.008,A,-,782.0,0.0473,37.5,857.0,0.9125,4.0,1.0,-A,ins,-22204A,22204.009,A,-,405.0,0.0,38.0,653.0,0.6202143950995406,4.0,1.0,-A,ins,,No,1
22204.009,A,-,798.0,0.0464,38.4,857.0,0.9312,4.0,1.0,-A,ins,-22204A,22204.002,A,-,407.0,0.0,38.6,653.0,0.6232771822358346,4.0,1.0,-A,ins,,No,1
22204.009,A,-,798.0,0.0464,38.4,857.0,0.9312,4.0,1.0,-A,ins,-22204A,22204.006,A,-,403.0,0.0,38.4,653.0,0.6171516079632465,3.0,1.0,-A,ins,,No,1
22204.009,A,-,798.0,0.0464,38.4,857.0,0.9312,4.0,1.0,-A,ins,-22204A,22204.008,A,-,399.0,0.0,37.8,653.0,0.6110260336906586,4.0,1.0,-A,ins,,No,1
22204.009,A,-,798.0,0.0464,38.4,857.0,0.9312,4.0,1.0,-A,ins,-22204A,22204.009,A,-,405.0,0.0,38.0,653.0,0.6202143950995406,4.0,1.0,-A,ins,,No,1
22204.004,C,-,781.0,0.0474,38.1,857.0,0.9113,2.0,1.0,-C,ins,-22204C,22204.004,C,-,405.0,0.0,38.7,653.0,0.6202143950995406,4.0,1.0,-C,ins,,No,1
22204.004,C,-,781.0,0.0474,38.1,857.0,0.9113,2.0,1.0,-C,ins,-22204C,22204.005,C,-,404.0,0.0,38.4,653.0,0.6186830015313936,4.0,1.0,-C,ins,,No,1
22204.005,C,-,779.0,0.0475,38.2,857.0,0.909,4.0,1.0,-C,ins,-22204C,22204.004,C,-,405.0,0.0,38.7,653.0,0.6202143950995406,4.0,1.0,-C,ins,,No,1
22204.005,C,-,779.0,0.0475,38.2,857.0,0.909,4.0,1.0,-C,ins,-22204C,22204.005,C,-,404.0,0.0,38.4,653.0,0.6186830015313936,4.0,1.0,-C,ins,,No,1
22578.0,A,G,2063.0,0.9108,37.3,2065.0,0.999,0.0,1.0,GA,ts,G22578A,22578.0,A,G,1714.0,0.0,38.4,1717.0,0.998252766453116,0.0,1.0,GA,ts,G339D,No,1
22673.0,C,T,1985.0,0.0015,38.7,2164.0,0.9173,0.0,1.0,TC,ts,T22673C,22673.0,C,T,1304.0,0.0,38.6,1304.0,1.0,0.0,1.0,TC,ts,S371P,No,1
22674.0,T,C,1974.0,0.0015,38.7,2154.0,0.9164,0.0,1.0,CT,ts,C22674T,22674.0,T,C,1307.0,0.0,38.7,1308.0,0.9992354740061162,0.0,1.0,CT,ts,S371F,No,1
22679.0,C,T,1965.0,0.0015,38.5,2001.0,0.982,0.0,1.0,TC,ts,T22679C,22679.0,C,T,1383.0,0.0,38.6,1384.0,0.9992774566473988,0.0,1.0,TC,ts,S373P,No,1
22686.0,T,C,1995.0,0.0195,38.6,2021.0,0.9871,0.0,1.0,CT,ts,C22686T,22686.0,T,C,1315.0,0.0,38.7,1316.0,0.9992401215805472,0.0,1.0,CT,ts,S375F,No,1
22813.0,T,G,328.0,0.0579,38.6,328.0,1.0,0.0,1.0,GT,ox,G22813T,22813.0,T,G,169.0,0.0,38.8,169.0,1.0,0.0,1.0,GT,ox,K417N,No,1
22882.0,G,T,331.0,0.0755,38.4,331.0,1.0,0.0,1.0,TG,tv,T22882G,22882.0,G,T,288.0,0.0,38.9,289.0,0.9965397923875432,0.0,1.0,TG,tv,N440K,No,1
22898.0,A,G,395.0,0.681,38.1,397.0,0.995,0.0,1.0,GA,ts,G22898A,22898.0,A,G,245.0,0.0,38.6,245.0,1.0,0.0,1.0,GA,ts,G446S,No,1
22992.0,A,G,3918.0,0.0268,37.6,3919.0,0.9997,0.0,1.0,GA,ts,G22992A,22992.0,A,G,596.0,0.0,38.2,596.0,1.0,0.0,1.0,GA,ts,S477N,No,1
22995.0,A,C,3865.0,0.0264,38.4,3872.0,0.9982,0.0,1.0,CA,ox,C22995A,22995.0,A,C,640.0,0.0,38.7,640.0,1.0,0.0,1.0,CA,ox,T478K,No,1
23013.0,C,A,3861.0,0.0267,38.5,3862.0,0.9997,0.0,1.0,AC,tv,A23013C,23013.0,C,A,825.0,0.0,38.7,826.0,0.9987893462469734,0.0,1.0,AC,tv,E484A,No,1
23040.0,G,A,3848.0,0.0255,37.8,3858.0,0.9974,0.0,1.0,AG,ts,A23040G,23040.0,G,A,980.0,0.0,38.0,980.0,1.0,0.0,1.0,AG,ts,Q493R,No,1
23048.0,A,G,3896.0,0.0252,38.7,3908.0,0.9969,0.0,1.0,GA,ts,G23048A,23048.0,A,G,1021.0,0.0,38.8,1021.0,1.0,0.0,1.0,GA,ts,G496S,No,1
23055.0,G,A,3818.0,0.0254,37.6,3821.0,0.9992,0.0,1.0,AG,ts,A23055G,23055.0,G,A,996.0,0.0,37.9,996.0,1.0,0.0,1.0,AG,ts,Q498R,No,1
23063.0,T,A,3811.0,0.0257,38.6,3813.0,0.9995,0.0,1.0,AT,tv,A23063T,23063.0,T,A,990.0,0.0,38.8,990.0,1.0,0.0,1.0,AT,tv,N501Y,No,1
23075.0,C,T,3859.0,0.0254,38.4,3861.0,0.9995,0.0,1.0,TC,ts,T23075C,23075.0,C,T,1025.0,0.0,38.7,1025.0,1.0,0.0,1.0,TC,ts,Y505H,No,1
23202.0,A,C,3221.0,0.0078,38.4,3230.0,0.9972,0.0,1.0,CA,ox,C23202A,23202.0,A,C,938.0,0.0,38.7,941.0,0.9968119022316684,0.0,1.0,CA,ox,T547K,No,1
23403.0,G,A,2373.0,0.6157,37.6,2373.0,1.0,0.0,1.0,AG,ts,A23403G,23403.0,G,A,1587.0,0.0,38.6,1590.0,0.9981132075471698,0.0,1.0,AG,ts,D614G,No,1
23525.0,T,C,1908.0,0.0,38.6,1911.0,0.9984,0.0,1.0,CT,ts,C23525T,23525.0,T,C,1898.0,0.0,38.7,1898.0,1.0,0.0,1.0,CT,ts,H655Y,No,1
23599.0,G,T,4641.0,0.1082,38.0,4642.0,0.9998,0.0,1.0,TG,tv,T23599G,23599.0,G,T,117.0,0.0,38.8,117.0,1.0,0.0,1.0,TG,tv,N679K,No,1
23604.0,A,C,4626.0,0.1089,38.2,4627.0,0.9998,0.0,1.0,CA,ox,C23604A,23604.0,A,C,124.0,0.0,38.8,124.0,1.0,0.0,1.0,CA,ox,P681H,No,1
23948.0,T,G,166.0,0.0,38.5,204.0,0.8137,0.0,1.0,GT,ox,G23948T,23948.0,T,G,547.0,0.0,38.8,547.0,1.0,0.0,1.0,GT,ox,D796Y,No,1
24130.0,A,C,189.0,0.0053,38.3,190.0,0.9947,0.0,1.0,CA,ox,C24130A,24130.0,A,C,1195.0,0.0,38.5,1195.0,1.0,0.0,1.0,CA,ox,N856K,No,1
24424.0,T,A,2997.0,0.0053,38.7,2999.0,0.9993,0.0,1.0,AT,tv,A24424T,24424.0,T,A,812.0,0.0,38.7,813.0,0.998769987699877,0.0,1.0,AT,tv,Q954H,No,1
24469.0,A,T,4006.0,0.0265,38.2,4013.0,0.9983,0.0,1.0,TA,tv,T24469A,24469.0,A,T,1491.0,0.0,38.8,1493.0,0.998660415271266,0.0,1.0,TA,tv,N969K,No,1
24503.0,T,C,4046.0,0.0264,38.5,4063.0,0.9958,0.0,1.0,CT,ts,C24503T,24503.0,T,C,1659.0,0.0,38.8,1663.0,0.9975947083583884,0.0,1.0,CT,ts,L981F,No,1
25000.0,T,C,2202.0,0.0277,38.5,2207.0,0.9977,0.0,1.0,CT,ts,C25000T,25000.0,T,C,753.0,0.0,38.8,753.0,1.0,0.0,1.0,CT,ts,,No,1
25516.0,T,C,4391.0,0.8636,38.1,5740.0,0.765,0.0,1.0,CT,ts,C25516T,25516.0,T,C,723.0,0.0,38.7,972.0,0.7438271604938271,0.0,1.0,CT,ts,P42S,No,3
25584.0,T,C,5300.0,0.0391,37.5,5318.0,0.9966,0.0,1.0,CT,ts,C25584T,25584.0,T,C,1044.0,0.0,38.6,1046.0,0.9980879541108988,0.0,1.0,CT,ts,,No,1
26270.0,T,C,7681.0,0.0557,38.6,7690.0,0.9988,0.0,1.0,CT,ts,C26270T,26270.0,T,C,1600.0,0.0,38.7,1601.0,0.999375390381012,0.0,1.0,CT,ts,T9I,No,1
26530.0,G,A,404.0,0.0,38.5,405.0,0.9975,0.0,1.0,AG,ts,A26530G,26530.0,G,A,976.0,0.0,38.4,976.0,1.0,0.0,1.0,AG,ts,D3G,No,1
26577.0,G,C,399.0,0.0,38.4,399.0,1.0,0.0,1.0,CG,tv,C26577G,26577.0,G,C,541.0,0.0,38.7,541.0,1.0,0.0,1.0,CG,tv,Q19E,No,1
26895.0,T,C,6537.0,0.0006,38.3,8532.0,0.7662,0.0,1.0,CT,ts,C26895T,26895.0,T,C,746.0,0.0,38.6,947.0,0.7877507919746568,0.0,1.0,CT,ts,H125Y,No,3
26907.0,T,C,2244.0,0.0276,37.7,9396.0,0.2388,1.0,1.0,CT,ts,C26907T,26907.0,T,C,164.0,0.0,38.7,774.0,0.2118863049095607,1.0,1.0,CT,ts,,No,6
27259.0,C,A,1310.0,0.0038,38.6,1314.0,0.997,0.0,1.0,AC,tv,A27259C,27259.0,C,A,1438.0,0.0,38.7,1438.0,1.0,0.0,1.0,AC,tv,,No,1
27807.0,T,C,4101.0,0.0419,38.5,4106.0,0.9988,0.0,1.0,CT,ts,C27807T,27807.0,T,C,2264.0,0.0,38.7,2265.0,0.9995584988962471,0.0,1.0,CT,ts,,No,1
28271.0,T,A,12516.0,0.028,38.7,12523.0,0.9994,0.0,1.0,AT,tv,A28271T,28271.0,T,A,1802.0,0.0,38.6,1804.0,0.9988913525498893,0.0,1.0,AT,tv,,No,1
28311.0,T,C,12248.0,0.0254,38.5,12264.0,0.9987,0.0,1.0,CT,ts,C28311T,28311.0,T,C,2122.0,0.0,38.5,2124.0,0.9990583804143126,0.0,1.0,CT,ts,P13L,No,1
28362.0,-,G,2523.0,0.1245,0.0,3923.0,0.6431,0.0,1.0,G-,del,G28362-,28362.0,-,G,464.0,0.0,0.0,1249.0,0.3714971977582065,1.0,1.0,G-,del,,No,4
28363.0,-,A,13008.0,0.7882,0.0,13014.0,0.9995,0.0,1.0,A-,del,A28363-,28363.0,-,A,812.0,0.0,0.0,812.0,1.0,0.0,1.0,A-,del,,No,1
28364.0,-,G,13039.0,0.7883,0.0,13045.0,0.9995,0.0,1.0,G-,del,G28364-,28364.0,-,G,812.0,0.0,0.0,814.0,0.9975429975429976,0.0,1.0,G-,del,,No,1
28365.0,-,A,13084.0,0.7888,0.0,13089.0,0.9996,0.0,1.0,A-,del,A28365-,28365.0,-,A,813.0,0.0,0.0,813.0,1.0,0.0,1.0,A-,del,,No,1
28366.0,-,A,13088.0,0.7889,0.0,13092.0,0.9997,0.0,1.0,A-,del,A28366-,28366.0,-,A,813.0,0.0,0.0,813.0,1.0,0.0,1.0,A-,del,,No,1
28367.0,-,C,13088.0,0.7889,0.0,13093.0,0.9996,0.0,1.0,C-,del,C28367-,28367.0,-,C,813.0,0.0,0.0,813.0,1.0,0.0,1.0,C-,del,,No,1
28368.0,-,G,13087.0,0.789,0.0,13092.0,0.9996,0.0,1.0,G-,del,G28368-,28368.0,-,G,813.0,0.0,0.0,813.0,1.0,0.0,1.0,G-,del,,No,1
28369.0,-,C,13079.0,0.7889,0.0,13086.0,0.9995,0.0,1.0,C-,del,C28369-,28369.0,-,C,813.0,0.0,0.0,813.0,1.0,0.0,1.0,C-,del,,No,1
28370.0,-,A,13069.0,0.7887,0.0,13076.0,0.9995,0.0,1.0,A-,del,A28370-,28370.0,-,A,813.0,0.0,0.0,813.0,1.0,0.0,1.0,A-,del,,No,1
28371.0,-,G,1450.0,0.6207,0.0,3845.0,0.3771,1.0,1.0,G-,del,G28371-,28371.0,-,G,349.0,0.0,0.0,882.0,0.3956916099773243,1.0,1.0,G-,del,,No,6
29632.0,T,C,2546.0,0.8692,37.5,2554.0,0.9969,0.0,1.0,CT,ts,C29632T,29632.0,T,C,1041.0,0.0,38.1,1041.0,1.0,0.0,1.0,CT,ts,,No,1
29733.0,T,C,498.0,0.0,38.1,2362.0,0.2108,1.0,1.0,CT,ts,C29733T,29733.0,T,C,333.0,0.0,38.8,1505.0,0.2212624584717608,1.0,1.0,CT,ts,,No,6
