mutation,frequency_x,frequency_y,CriticalDelta
C241T,0.9954,1.0,No
G542A,0.5784,0.5026525198938993,No
A1430G,0.6165,0.5564102564102564,No
C1722T,0.2961,0.3256021409455843,No
C2470T,0.9915,1.0,No
C2695T,0.2448,0.2267932489451476,No
A2832G,0.9582,0.9188118811881189,No
G4181A,0.609,0.5927835051546392,No
A4821G,0.4237,0.3382226056945643,No
T5386G,0.9948,0.9986101459346768,No
G6513-,0.9995,0.9928057553956836,No
T6514-,0.9986,0.9928057553956836,No
T6515-,0.9986,0.9928057553956836,No
C7318T,0.9429,0.9984164687252574,No
G8393A,0.9528,0.953216374269006,No
C10029T,0.9816,0.9956772334293948,No
C10449A,0.9978,0.9986684420772304,No
G11283-,0.9834,0.2730455075845974,Yes
T11284-,0.9853,0.2789034564958284,Yes
T11285-,0.9879,0.2822677925211098,Yes
T11286-,0.9871,0.2836363636363636,Yes
G11287-,0.9996,0.9980456026058632,No
T11288-,0.9988,0.9993485342019544,No
C11289-,0.9988,0.7700803212851406,No
T11290-,0.9994,0.7700803212851406,No
G11291-,0.999,0.7699648417880463,No
G11292-,0.0192,0.5314823996033713,No
T11293-,0.0185,0.5309559187716691,No
T11294-,0.0185,0.5299060800790905,No
T11295-,0.0154,0.5301681503461919,No
A11537G,0.9954,0.9963313971262612,No
T13195C,0.9973,0.9975445058317988,No
C14408T,0.9971,0.9992636229749632,No
C15157A,0.1382,0.0486656200941915,No
C15173A,0.0651,0.0411458333333333,No
C15240T,0.9973,0.998589562764457,No
C15368T,0.6405,0.6424242424242425,No
C15656T,0.5804,0.572871087176035,No
-15969T,0.0275,0.0185348631950573,No
C16428T,0.354,0.3776569451309935,No
C17676T,0.6393,0.6374113475177305,No
A18163G,1.0,1.0,No
T18996C,0.3264,0.3207744636316065,No
C20474T,0.2582,0.339766081871345,No
G20557A,0.5976,0.5614525139664804,No
T21483C,0.5825,0.6188197767145136,No
C21595T,0.997,0.9932659932659932,No
C21762T,0.9876,0.990990990990991,No
T21765-,0.4548,0.463677130044843,No
A21766-,0.996,0.9884696016771488,No
C21767-,0.9928,0.9905561385099684,No
A21768-,0.9928,0.9905561385099684,No
T21769-,0.9935,0.9905561385099684,No
G21770-,0.996,0.9905561385099684,No
T21771-,0.5779,0.410576923076923,No
C21846T,1.0,0.9905033238366572,No
G21987-,0.9961,0.9964349376114082,No
T21988-,0.998,0.9964381121994658,No
G21989-,0.9981,0.9973285841495992,No
T21990-,0.9955,0.9973285841495992,No
T21991-,0.9987,0.9973285841495992,No
T21992-,0.9968,0.9973285841495992,No
A21993-,0.9968,0.9973285841495992,No
T21994-,0.9974,0.9973285841495992,No
T21995-,0.9968,0.9973285841495992,No
A22194-,0.9973,0.9987146529562982,No
T22195-,0.9973,0.9987146529562982,No
T22196-,0.9968,0.9987146529562982,No
-22204G,0.9196,0.6223684210526316,No
-22204G,0.9196,0.6144736842105263,No
-22204G,0.9196,0.6118421052631579,No
-22204G,0.9439,0.6223684210526316,No
-22204G,0.9439,0.6144736842105263,No
-22204G,0.9439,0.6118421052631579,No
-22204G,0.9379,0.6223684210526316,No
-22204G,0.9379,0.6144736842105263,No
-22204G,0.9379,0.6118421052631579,No
-22204A,0.9504,0.6171052631578947,No
-22204A,0.9504,0.618421052631579,No
-22204A,0.9504,0.6078947368421053,No
-22204A,0.9504,0.6157894736842106,No
-22204A,0.9486,0.6171052631578947,No
-22204A,0.9486,0.618421052631579,No
-22204A,0.9486,0.6078947368421053,No
-22204A,0.9486,0.6157894736842106,No
-22204A,0.9338,0.6171052631578947,No
-22204A,0.9338,0.618421052631579,No
-22204A,0.9338,0.6078947368421053,No
-22204A,0.9338,0.6157894736842106,No
-22204A,0.9533,0.6171052631578947,No
-22204A,0.9533,0.618421052631579,No
-22204A,0.9533,0.6078947368421053,No
-22204A,0.9533,0.6157894736842106,No
-22204C,0.9137,0.6092105263157894,No
-22204C,0.9137,0.6171052631578947,No
-22204C,0.9374,0.6092105263157894,No
-22204C,0.9374,0.6171052631578947,No
-22206G,0.0774,0.0788863109048723,No
-22206G,0.0774,0.0777262180974478,No
-22206G,0.0774,0.0788863109048723,No
-22206G,0.0785,0.0788863109048723,No
-22206G,0.0785,0.0777262180974478,No
-22206G,0.0785,0.0788863109048723,No
-22206G,0.0796,0.0788863109048723,No
-22206G,0.0796,0.0777262180974478,No
-22206G,0.0796,0.0788863109048723,No
-22206C,0.0774,0.0800464037122969,No
-22206C,0.0774,0.0812064965197215,No
-22206C,0.0768,0.0800464037122969,No
-22206C,0.0768,0.0812064965197215,No
-22206A,0.0779,0.0812064965197215,No
-22206A,0.0779,0.0800464037122969,No
-22206A,0.0779,0.0823665893271461,No
-22206A,0.0779,0.0800464037122969,No
-22206A,0.0796,0.0812064965197215,No
-22206A,0.0796,0.0800464037122969,No
-22206A,0.0796,0.0823665893271461,No
-22206A,0.0796,0.0800464037122969,No
-22206A,0.0785,0.0812064965197215,No
-22206A,0.0785,0.0800464037122969,No
-22206A,0.0785,0.0823665893271461,No
-22206A,0.0785,0.0800464037122969,No
-22206A,0.0768,0.0812064965197215,No
-22206A,0.0768,0.0800464037122969,No
-22206A,0.0768,0.0823665893271461,No
-22206A,0.0768,0.0800464037122969,No
G22578A,0.9991,0.9994493392070484,No
G22599A,0.9991,0.9990766389658357,No
T22673C,0.8998,0.995243757431629,No
C22674T,0.8953,0.9994058229352348,No
T22679C,0.9937,0.9971509971509972,No
C22686T,0.9674,0.9975728155339806,No
G22813T,1.0,1.0,No
T22882G,0.9956,1.0,No
G22898A,0.9963,0.9946236559139784,No
G22992A,1.0,1.0,No
C22995A,1.0,1.0,No
A23013C,0.9996,0.997584541062802,No
A23040G,0.9922,0.999071494893222,No
G23048A,0.9902,0.9868536371603857,No
A23055G,0.9906,0.9982332155477032,No
A23063T,0.9981,0.998212689901698,No
T23075C,0.9994,0.9991423670668954,No
C23202A,0.9989,0.987987987987988,No
A23403G,0.9969,0.999340804218853,No
C23525T,0.998,0.9983731019522776,No
T23599G,0.998,1.0,No
C23604A,0.9998,1.0,No
C23854A,0.9791,0.6363636363636364,No
G23948T,0.7721,0.9423076923076924,No
C24130A,0.9964,0.9977401129943504,No
A24424T,0.9981,1.0,No
T24469A,0.9971,0.9982944855031268,No
C24503T,0.9963,0.9961464354527938,No
C25000T,0.9975,1.0,No
A25347G,0.2915,0.3568985176738882,No
C25584T,0.9978,0.9987484355444304,No
C25672T,0.3115,0.2503748125937031,No
C26270T,0.9994,0.9993964996982498,No
A26530G,0.9982,1.0,No
C26577G,0.9982,1.0,No
A27259C,0.9989,0.994180407371484,No
C27807T,0.9992,1.0,No
A28271T,0.9978,0.9977388355002826,No
C28311T,0.9998,0.9995206136145732,No
G28362-,0.4546,0.3708838821490468,No
A28363-,0.9992,0.9941434846266471,No
G28364-,0.9995,0.9926900584795322,No
A28365-,0.9996,0.9985380116959064,No
A28366-,0.9998,1.0,No
C28367-,0.9996,1.0,No
G28368-,0.9997,1.0,No
C28369-,0.9994,1.0,No
A28370-,0.9993,1.0,No
G28371-,0.573,0.34,No
C29013T,0.6787,0.6494464944649446,No
G29332A,0.2563,0.2693452380952381,No
C29530T,0.9458,0.8615916955017301,No
