ref_pos_x,mutation,mutation_type,base_count_x,coverage_x,base_count_y,coverage_y,frequency_x,frequency_y,CriticalDelta,UseCaseGroup
241.0,C241T,,1849.0,1874.0,1255.0,1255.0,0.9867,1.0,No,1
593.0,C593T,H110Y,2087.0,14857.0,208.0,1319.0,0.1405,0.1576952236542835,No,6
670.0,T670G,S135R,25468.0,25540.0,656.0,658.0,0.9972,0.9969604863221884,No,1
2790.0,C2790T,T842I,8260.0,8486.0,2131.0,2132.0,0.9734,0.99953095684803,No,1
3049.0,T3049C,,249.0,4157.0,118.0,2344.0,0.0599,0.0503412969283276,No,6
3504.0,A3504G,N1080S,2354.0,2362.0,1179.0,1181.0,0.9966,0.9983065198983913,No,1
4184.0,G4184A,G1307S,385.0,389.0,620.0,620.0,0.9897,1.0,No,1
4321.0,C4321T,,352.0,417.0,134.0,135.0,0.8441,0.9925925925925926,No,1
7851.0,C7851T,A2529V,485.0,1196.0,517.0,1365.0,0.4055,0.3787545787545787,No,6
9344.0,C9344T,L3027F,3821.0,3839.0,1372.0,1372.0,0.9953,1.0,No,1
9424.0,A9424G,,3413.0,3425.0,1711.0,1711.0,0.9965,1.0,No,1
9534.0,C9534T,T3090I,1292.0,1299.0,869.0,870.0,0.9946,0.9988505747126436,No,1
9866.0,C9866T,L3201F,8498.0,8658.0,864.0,866.0,0.9815,0.9976905311778292,No,1
10029.0,C10029T,T3255I,8752.0,8762.0,2894.0,2900.0,0.9989,0.9979310344827588,No,1
10198.0,C10198T,,2683.0,2704.0,1836.0,1839.0,0.9922,0.99836867862969,No,1
10447.0,G10447A,,11971.0,11989.0,1235.0,1235.0,0.9985,1.0,No,1
10449.0,C10449A,P3395H,12127.0,12142.0,1226.0,1226.0,0.9988,1.0,No,1
11288.0,T11288-,,8235.0,8239.0,1939.0,1941.0,0.9995,0.9989696032972696,No,1
11289.0,C11289-,,8235.0,8239.0,1940.0,2560.0,0.9995,0.7578125,No,1
11290.0,T11290-,,8234.0,8238.0,1940.0,2557.0,0.9995,0.758701603441533,No,1
11291.0,G11291-,,8235.0,8238.0,1940.0,2559.0,0.9996,0.7581086361860102,No,1
11292.0,G11292-,,8221.0,8229.0,1938.0,2597.0,0.999,0.7462456680785522,No,1
11293.0,T11293-,,8220.0,8229.0,1938.0,2594.0,0.9989,0.7471087124132614,No,1
11294.0,T11294-,,8220.0,8229.0,1938.0,2600.0,0.9989,0.7453846153846154,No,1
11295.0,T11295-,,8220.0,8235.0,1938.0,2602.0,0.9982,0.7448116833205227,No,1
11296.0,T11296-,,8220.0,8229.0,1937.0,2600.0,0.9989,0.745,No,1
11750.0,C11750T,L3829F,3026.0,6117.0,968.0,2266.0,0.4947,0.4271844660194174,No,6
12789.0,C12789T,T4175I,167.0,3504.0,121.0,1978.0,0.0477,0.0611729019211324,No,6
12880.0,C12880T,,12759.0,12776.0,363.0,363.0,0.9987,1.0,No,1
14408.0,C14408T,P4715L,6595.0,6606.0,799.0,800.0,0.9983,0.99875,No,1
15157.0,C15157A,Q4965K,194.0,1823.0,76.0,1511.0,0.1064,0.0502978160158835,No,6
15705.0,G15705T,M5147I,67.0,4032.0,57.0,2971.0,0.0166,0.0191854594412655,No,6
15714.0,C15714T,,3979.0,4056.0,2887.0,2894.0,0.981,0.997581202487906,No,1
17410.0,C17410T,R5716C,5692.0,5697.0,1223.0,1225.0,0.9991,0.9983673469387756,No,1
18163.0,A18163G,I5967V,355.0,357.0,1130.0,1130.0,0.9944,1.0,No,1
18828.0,C18828T,,67.0,3093.0,73.0,2215.0,0.0217,0.0329571106094808,No,6
19955.0,C19955T,T6564I,186.0,186.0,906.0,907.0,1.0,0.9988974641675854,No,1
20055.0,A20055G,,182.0,183.0,508.0,508.0,0.9945,1.0,No,1
21618.0,C21618T,T19I,5038.0,5051.0,1139.0,1141.0,0.9974,0.9982471516213848,No,1
21633.0,T21633-,,5307.0,5319.0,594.0,595.0,0.9977,0.9983193277310924,No,1
21634.0,A21634-,,5306.0,5317.0,594.0,595.0,0.9979,0.9983193277310924,No,1
21635.0,C21635-,,5306.0,5317.0,595.0,595.0,0.9979,1.0,No,1
21636.0,C21636-,,5306.0,5315.0,594.0,595.0,0.9983,0.9983193277310924,No,1
21637.0,C21637-,,5307.0,5315.0,594.0,595.0,0.9985,0.9983193277310924,No,1
21638.0,C21638-,,5308.0,5315.0,594.0,595.0,0.9987,0.9983193277310924,No,1
21639.0,C21639-,,5308.0,5313.0,594.0,595.0,0.9991,0.9983193277310924,No,1
21640.0,T21640-,,5308.0,5313.0,594.0,595.0,0.9991,0.9983193277310924,No,1
21641.0,G21641-,,5299.0,5307.0,594.0,595.0,0.9985,0.9983193277310924,No,1
21987.0,G21987A,G142D,1860.0,1861.0,1336.0,1337.0,0.9995,0.99925205684368,No,1
22200.0,T22200G,V213G,2216.0,2225.0,904.0,904.0,0.996,1.0,No,1
22578.0,G22578A,G339D,2693.0,2694.0,1189.0,1189.0,0.9996,1.0,No,1
22674.0,C22674T,S371F,2550.0,2927.0,984.0,989.0,0.8712,0.9949443882709808,No,1
22679.0,T22679C,S373P,2551.0,2649.0,954.0,954.0,0.963,1.0,No,1
22686.0,C22686T,S375F,2592.0,2691.0,861.0,862.0,0.9632,0.9988399071925754,No,1
22688.0,A22688G,T376A,2542.0,2640.0,859.0,859.0,0.9629,1.0,No,1
22813.0,G22813T,K417N,510.0,510.0,472.0,472.0,1.0,1.0,No,1
22882.0,T22882G,N440K,495.0,495.0,877.0,877.0,1.0,1.0,No,1
22992.0,G22992A,S477N,7314.0,7320.0,1140.0,1142.0,0.9992,0.9982486865148862,No,1
22995.0,C22995A,T478K,7197.0,7198.0,1200.0,1200.0,0.9999,1.0,No,1
23013.0,A23013C,E484A,7224.0,7225.0,1427.0,1427.0,0.9999,1.0,No,1
23040.0,A23040G,Q493R,7136.0,7180.0,1562.0,1610.0,0.9939,0.9701863354037268,No,1
23055.0,A23055G,Q498R,7021.0,7075.0,1591.0,1592.0,0.9924,0.9993718592964824,No,1
23063.0,A23063T,N501Y,7128.0,7157.0,1523.0,1524.0,0.9959,0.9993438320209974,No,1
23075.0,T23075C,Y505H,7050.0,7066.0,1505.0,1505.0,0.9977,1.0,No,1
23403.0,A23403G,D614G,3447.0,3452.0,1890.0,1891.0,0.9986,0.9994711792702274,No,1
23525.0,C23525T,H655Y,2858.0,2866.0,1922.0,1924.0,0.9972,0.998960498960499,No,1
23599.0,T23599G,N679K,5488.0,5489.0,1046.0,1047.0,0.9998,0.9990448901623686,No,1
23604.0,C23604A,P681H,5523.0,5526.0,1213.0,1213.0,0.9995,1.0,No,1
23854.0,C23854A,N764K,3610.0,3666.0,964.0,964.0,0.9847,1.0,No,1
23948.0,G23948T,D796Y,317.0,454.0,288.0,289.0,0.6982,0.9965397923875432,No,1
24424.0,A24424T,Q954H,6429.0,6435.0,1111.0,1111.0,0.9991,1.0,No,1
24469.0,T24469A,N969K,7915.0,7947.0,1334.0,1335.0,0.996,0.999250936329588,No,1
25000.0,C25000T,,5163.0,5183.0,1008.0,1010.0,0.9961,0.998019801980198,No,1
25584.0,C25584T,,10757.0,10803.0,1406.0,1409.0,0.9957,0.9978708303761532,No,1
26060.0,C26060T,T223I,16340.0,16348.0,2122.0,2124.0,0.9995,0.9990583804143126,No,1
26079.0,C26079T,,1150.0,16149.0,187.0,2713.0,0.0712,0.0689273866568374,No,6
26270.0,C26270T,T9I,15608.0,15637.0,1554.0,1555.0,0.9981,0.9993569131832798,No,1
26408.0,C26408T,S55F,92.0,548.0,146.0,843.0,0.1679,0.1731909845788849,No,6
26577.0,C26577G,Q19E,544.0,547.0,416.0,416.0,0.9945,1.0,No,1
26858.0,C26858T,,13895.0,13930.0,1515.0,1516.0,0.9975,0.99934036939314,No,1
27259.0,A27259C,,3884.0,3889.0,884.0,884.0,0.9987,1.0,No,1
27382.0,G27382C,D61H,3968.0,3985.0,1136.0,1136.0,0.9957,1.0,No,1
27383.0,A27383T,D61V,3955.0,3976.0,1139.0,1139.0,0.9947,1.0,No,1
27384.0,T27384C,,3969.0,3993.0,1136.0,1136.0,0.994,1.0,No,1
27807.0,C27807T,,9029.0,9031.0,2183.0,2184.0,0.9998,0.9995421245421244,No,1
28271.0,A28271T,,20201.0,20205.0,1454.0,1454.0,0.9998,1.0,No,1
28311.0,C28311T,P13L,19502.0,19521.0,1916.0,1918.0,0.999,0.9989572471324296,No,1
28362.0,G28362-,,4089.0,4918.0,582.0,1223.0,0.8314,0.4758789860997547,Yes,2
28363.0,A28363-,,21051.0,21065.0,975.0,975.0,0.9993,1.0,No,1
28364.0,G28364-,,21163.0,21175.0,975.0,975.0,0.9994,1.0,No,1
28365.0,A28365-,,21272.0,21275.0,975.0,975.0,0.9999,1.0,No,1
28366.0,A28366-,,21288.0,21294.0,975.0,975.0,0.9997,1.0,No,1
28367.0,C28367-,,21282.0,21289.0,975.0,975.0,0.9997,1.0,No,1
28368.0,G28368-,,21283.0,21290.0,975.0,975.0,0.9997,1.0,No,1
28369.0,C28369-,,21283.0,21290.0,975.0,975.0,0.9997,1.0,No,1
28370.0,A28370-,,21242.0,21254.0,975.0,975.0,0.9994,1.0,No,1
28371.0,G28371-,,912.0,4484.0,394.0,1065.0,0.2034,0.3699530516431925,No,5
29510.0,A29510C,S413R,15971.0,15985.0,157.0,157.0,0.9991,1.0,No,1
