ref_pos,read_base,ref_base,base_count,overlap_ratio,avg_qscore,coverage,frequency,base_rank,probability,transition,type,mutation
77.0,-,T,75.0,0.0,inf,4602.0,0.0163,1.0,1.0,T-,del,T77-
241.0,T,C,4504.0,0.859,36.8,4507.0,0.9993,0.0,1.0,CT,ts,C241T
313.0,T,C,3635.0,0.0003,37.3,3643.0,0.9978,0.0,1.0,CT,ts,C313T
654.0,T,G,63.0,0.0,37.7,2601.0,0.0242,1.0,1.0,GT,ox,G654T
955.0,T,C,147.0,0.0,38.1,11965.0,0.0123,1.0,1.0,CT,ts,C955T
4510.0,A,G,3688.0,0.7706,37.5,3690.0,0.9995,0.0,1.0,GA,ts,G4510A
5895.0,A,T,57.0,0.0,38.2,5265.0,0.0108,1.0,1.0,TA,tv,T5895A
6696.0,T,C,59.0,0.6271,37.9,5371.0,0.011,1.0,1.0,CT,ts,C6696T
6696.001,T,-,282.0,0.0,38.5,5371.0,0.0525,4.0,1.0,-T,ins,-6696T
6700.001,T,-,366.0,0.0,38.6,5501.0,0.0665,4.0,1.0,-T,ins,-6700T
7765.0,T,C,3470.0,0.0,38.6,3470.0,1.0,0.0,1.0,CT,ts,C7765T
9165.0,T,C,69.0,0.0,38.6,6891.0,0.01,1.0,1.0,CT,ts,C9165T
9168.0,G,A,90.0,0.0,37.6,6949.0,0.013,1.0,1.0,AG,ts,A9168G
9180.0,T,C,98.0,0.0,38.6,6765.0,0.0145,1.0,1.0,CT,ts,C9180T
9276.0,C,G,69.0,0.0,38.0,3862.0,0.0179,1.0,1.0,GC,tv,G9276C
10622.001,A,-,107.0,0.0,38.3,5100.0,0.021,4.0,1.0,-A,ins,-10622A
11078.001,T,-,272.0,0.0,38.7,8660.0,0.0314,4.0,1.0,-T,ins,-11078T
11079.0,-,T,116.0,0.0,0.0,8647.0,0.0134,1.0,1.0,T-,del,T11079-
11099.001,T,-,123.0,0.0,38.6,8590.0,0.0143,4.0,1.0,-T,ins,-11099T
11812.001,A,-,81.0,0.0,38.2,6087.0,0.0133,4.0,1.0,-A,ins,-11812A
13821.0,T,C,11704.0,0.9301,38.0,11807.0,0.9913,0.0,1.0,CT,ts,C13821T
14408.0,T,C,3963.0,0.7184,38.3,3964.0,0.9997,0.0,1.0,CT,ts,C14408T
14575.0,T,G,12697.0,0.0002,38.6,12727.0,0.9976,0.0,1.0,GT,ox,G14575T
15007.0,A,G,75.0,0.0,37.9,5605.0,0.0134,1.0,1.0,GA,ts,G15007A
15010.0,A,C,67.0,0.0149,37.6,5714.0,0.0117,1.0,1.0,CA,ox,C15010A
15026.0,A,C,58.0,0.0,37.7,5634.0,0.0103,1.0,1.0,CA,ox,C15026A
15032.0,A,C,63.0,0.0,38.2,5698.0,0.0111,1.0,1.0,CA,ox,C15032A
15061.0,A,C,70.0,0.0571,37.5,5604.0,0.0125,1.0,1.0,CA,ox,C15061A
15089.0,A,C,66.0,0.0303,34.5,5097.0,0.0129,1.0,1.0,CA,ox,C15089A
15106.0,C,A,58.0,0.0,35.2,4927.0,0.0118,1.0,1.0,AC,tv,A15106C
15124.0,T,A,68.0,0.0,35.0,2892.0,0.0235,1.0,1.0,AT,tv,A15124T
15141.0,A,C,89.0,0.0,33.9,3259.0,0.0273,1.0,1.0,CA,ox,C15141A
15150.0,T,G,60.0,0.0,35.6,2623.0,0.0229,1.0,1.0,GT,ox,G15150T
15157.0,A,C,342.0,0.0,37.2,4303.0,0.0795,1.0,1.0,CA,ox,C15157A
15168.0,A,G,113.0,0.0,36.0,1944.0,0.0581,1.0,1.0,GA,ts,G15168A
15172.0,A,T,56.0,0.0,34.9,4238.0,0.0132,1.0,1.0,TA,tv,T15172A
15173.0,A,C,55.0,0.0,35.2,1429.0,0.0385,1.0,1.0,CA,ox,C15173A
15438.0,T,G,8186.0,0.0,38.5,8206.0,0.9976,0.0,1.0,GT,ox,G15438T
15965.001,T,-,221.0,0.0,38.0,14220.0,0.0155,4.0,1.0,-T,ins,-15965T
15969.001,T,-,243.0,0.0041,38.2,14209.0,0.0171,4.0,1.0,-T,ins,-15969T
16952.0,T,C,139.0,0.8705,38.4,9893.0,0.0141,1.0,1.0,CT,ts,C16952T
21111.0,C,T,10155.0,0.0046,38.5,10190.0,0.9966,0.0,1.0,TC,ts,T21111C
21691.0,T,C,9882.0,0.0938,37.8,11045.0,0.8947,0.0,1.0,CT,ts,C21691T
22028.0,C,G,81.0,0.0,38.1,5201.0,0.0156,1.0,1.0,GC,tv,G22028C
23403.0,G,A,14132.0,0.0002,38.5,14169.0,0.9974,0.0,1.0,AG,ts,A23403G
23604.0,A,C,7279.0,0.8019,37.4,7285.0,0.9992,0.0,1.0,CA,ox,C23604A
25785.0,T,G,3557.0,0.8766,37.5,3574.0,0.9952,0.0,1.0,GT,ox,G25785T
26211.0,T,G,3047.0,0.0,38.6,3060.0,0.9958,0.0,1.0,GT,ox,G26211T
26333.0,T,C,175.0,0.0,38.6,6479.0,0.027,1.0,1.0,CT,ts,C26333T
26654.001,T,-,135.0,0.0,37.8,8598.0,0.0157,4.0,1.0,-T,ins,-26654T
27216.0,A,T,305.0,0.0,37.1,14470.0,0.0211,1.0,1.0,TA,tv,T27216A
27939.0,C,T,12610.0,0.8536,38.2,12645.0,0.9972,0.0,1.0,TC,ts,T27939C
28218.001,T,-,113.0,0.0,38.8,8581.0,0.0132,4.0,1.0,-T,ins,-28218T
28250.001,C,-,134.0,0.3358,36.9,8382.0,0.016,4.0,1.0,-C,ins,-28250C
28250.002,T,-,125.0,0.36,37.4,8382.0,0.0149,4.0,1.0,-T,ins,-28250T
28250.003,G,-,125.0,0.352,38.0,8382.0,0.0149,4.0,1.0,-G,ins,-28250G
28254.0,-,A,156.0,0.3846,0.0,8467.0,0.0184,1.0,1.0,A-,del,A28254-
29055.001,A,-,197.0,0.0,38.3,8918.0,0.0221,4.0,1.0,-A,ins,-29055A
29179.0,T,G,9051.0,0.9453,37.8,9091.0,0.9956,0.0,1.0,GT,ox,G29179T
29254.0,T,G,8551.0,0.0009,38.4,8579.0,0.9967,0.0,1.0,GT,ox,G29254T
29260.0,T,G,8426.0,0.0018,37.2,8451.0,0.997,0.0,1.0,GT,ox,G29260T
29545.0,A,C,9602.0,0.0114,38.4,9630.0,0.9971,0.0,1.0,CA,ox,C29545A
