mutation,frequency
C241T,1.0
T670G,1.0
C1514T,0.1215
G1589A,0.0919
G2073A,0.0135
G2076C,0.0157
C2790T,0.9993
G3431A,0.5148
A3504G,0.9788
A4083G,0.9925
G4184A,0.9952
C4321T,0.9311
G4476A,0.8522
C5184T,0.2802
T9205C,0.9997
C9344T,0.9997
C9411T,0.037
A9424G,0.9997
C9438T,0.0381
C9534T,0.9996
C9866T,0.9904
C10029T,1.0
C10198T,1.0
G10447A,0.999
C10449A,0.9988
C10507T,0.0205
A10693G,0.0153
T11288-,1.0
C11289-,0.9911
T11290-,0.9909
G11291-,0.9909
G11292-,0.9822
T11293-,0.9792
T11294-,0.9792
T11295-,0.9792
T11296-,0.9792
T11296G,0.0206
T11672C,0.0445
C11687T,0.8478
C11750T,1.0
C12784T,0.0387
C12880T,1.0
T14305C,0.8301
C14408T,0.9996
A14960T,0.7305
A15139C,0.0289
C15141A,0.0196
C15157A,0.0219
C15714T,0.9802
A16227C,0.0601
G16914C,0.5265
C17036T,0.0577
T17323G,0.5329
C17410T,0.9992
C17463T,0.8426
A18163G,1.0
T19209G,0.1536
A19210G,0.153
A19212G,0.1562
A19214G,0.1614
C19217A,0.2201
A19337G,0.1457
G19816T,0.1043
C21618T,0.9996
T21633-,1.0
A21634-,1.0
C21635-,1.0
C21636-,1.0
C21637-,1.0
C21638-,1.0
C21639-,1.0
T21640-,1.0
G21641-,1.0
C21812T,0.9879
G21987A,1.0
T22200G,0.9992
G22775A,1.0
A22786C,0.9931
G22813T,1.0
T22882G,1.0
A22893G,0.9863
G22992A,0.9988
C22995A,1.0
A23013C,1.0
A23040G,0.65
A23055G,0.998
A23063T,0.9981
T23075C,0.9981
C23121A,0.1102
C23290T,0.0701
T23389C,0.0233
A23403G,0.9923
C23525T,1.0
T23599G,0.9995
C23604A,1.0
G23948T,0.9664
A24424T,1.0
T24469A,0.9993
C25000T,1.0
T25098A,0.1031
G25534A,0.1527
C25584T,0.9985
C26060T,0.9843
C26270T,0.3603
G26284-,0.082
T26285-,0.0801
T26286-,0.0696
-26405T,0.0517
C26408T,0.9726
-26412T,0.0333
C26577G,0.9882
C26858T,0.9953
T27257A,0.0154
A27259C,1.0
C27370T,0.2315
G27382C,0.9983
A27383T,0.9983
T27384C,0.9983
C27524T,0.0441
C27807T,1.0
A28271T,0.9991
C28311T,0.9971
G28362-,0.5523
A28363-,0.9993
G28364-,0.9993
A28365-,0.9997
A28366-,1.0
C28367-,1.0
G28368-,1.0
C28369-,1.0
A28370-,1.0
G28371-,0.338
G28396A,0.9975
T28474C,0.6121
T28474G,0.2541
C28498T,0.0296
C28603T,0.057
C28717T,0.6004
A29191G,0.0734
A29510C,0.9938
A29542T,0.2462
G29734-,1.0
A29735-,1.0
G29736-,1.0
C29738-,1.0
C29739-,1.0
A29740-,1.0
C29741-,1.0
G29742-,1.0
C29743-,1.0
G29744-,1.0
G29745-,1.0
A29746-,1.0
G29747-,1.0
T29748-,1.0
A29749-,1.0
C29750-,1.0
G29751-,1.0
A29752-,1.0
T29753-,1.0
C29754-,1.0
G29755-,1.0
A29756-,1.0
G29757-,1.0
T29758-,0.9973
G29759-,0.9973
