ref_pos,read_base,ref_base,base_count,overlap_ratio,avg_qscore,coverage,frequency,base_rank,probability,transition,type,mutation
241.0,T,C,297.0,0.0,38.0,297.0,1.0,0.0,1.0,CT,ts,C241T
510.0,-,G,380.0,0.0,0.0,388.0,0.979381443298969,0.0,1.0,G-,del,G510-
511.0,-,T,382.0,0.0,0.0,387.0,0.9870801033591732,0.0,1.0,T-,del,T511-
512.0,-,C,382.0,0.0,0.0,387.0,0.9870801033591732,0.0,1.0,C-,del,C512-
513.0,-,A,382.0,0.0,0.0,387.0,0.9870801033591732,0.0,1.0,A-,del,A513-
514.0,-,T,382.0,0.0,0.0,387.0,0.9870801033591732,0.0,1.0,T-,del,T514-
515.0,-,G,382.0,0.0,0.0,387.0,0.9870801033591732,0.0,1.0,G-,del,G515-
516.0,-,T,382.0,0.0,0.0,387.0,0.9870801033591732,0.0,1.0,T-,del,T516-
517.0,-,T,382.0,0.0,0.0,387.0,0.9870801033591732,0.0,1.0,T-,del,T517-
518.0,-,A,382.0,0.0,0.0,387.0,0.9870801033591732,0.0,1.0,A-,del,A518-
670.0,G,T,290.0,0.0,38.4,293.0,0.9897610921501706,0.0,1.0,TG,tv,T670G
1890.0,A,G,64.0,0.0,38.8,685.0,0.0934306569343065,1.0,1.0,GA,ts,G1890A
2790.0,T,C,1033.0,0.0,38.7,1034.0,0.9990328820116054,0.0,1.0,CT,ts,C2790T
4184.0,A,G,679.0,0.0,38.7,682.0,0.995601173020528,0.0,1.0,GA,ts,G4184A
4321.0,T,C,270.0,0.0,38.7,271.0,0.996309963099631,0.0,1.0,CT,ts,C4321T
9344.0,T,C,843.0,0.0,38.7,844.0,0.9988151658767772,0.0,1.0,CT,ts,C9344T
9424.0,G,A,873.0,0.0,38.7,874.0,0.9988558352402744,0.0,1.0,AG,ts,A9424G
9534.0,T,C,784.0,0.0,38.8,785.0,0.9987261146496816,0.0,1.0,CT,ts,C9534T
9866.0,T,C,350.0,0.0,38.7,350.0,1.0,0.0,1.0,CT,ts,C9866T
10029.0,T,C,982.0,0.0,38.6,982.0,1.0,0.0,1.0,CT,ts,C10029T
10198.0,T,C,1257.0,0.0,38.6,1258.0,0.9992050874403816,0.0,1.0,CT,ts,C10198T
10447.0,A,G,864.0,0.0,38.7,865.0,0.998843930635838,0.0,1.0,GA,ts,G10447A
10449.0,A,C,859.0,0.0,38.4,859.0,1.0,0.0,1.0,CA,ox,C10449A
11288.0,-,T,1272.0,0.0,0.0,1272.0,1.0,0.0,1.0,T-,del,T11288-
11289.0,-,C,1273.0,0.0,0.0,1630.0,0.7809815950920246,0.0,1.0,C-,del,C11289-
11290.0,-,T,1273.0,0.0,0.0,1631.0,0.7805027590435316,0.0,1.0,T-,del,T11290-
11291.0,-,G,1273.0,0.0,0.0,1629.0,0.7814610190300798,0.0,1.0,G-,del,G11291-
11291.0,A,G,355.0,0.0,38.9,1629.0,0.2179251074278698,1.0,1.0,GA,ts,G11291A
11292.0,-,G,1272.0,0.0,0.0,1669.0,0.762133013780707,0.0,1.0,G-,del,G11292-
11293.0,-,T,1272.0,0.0,0.0,1670.0,0.7616766467065869,0.0,1.0,T-,del,T11293-
11294.0,-,T,1271.0,0.0,0.0,1671.0,0.760622381807301,0.0,1.0,T-,del,T11294-
11295.0,-,T,1271.0,0.0,0.0,1670.0,0.7610778443113773,0.0,1.0,T-,del,T11295-
11296.0,-,T,1271.0,0.0,0.0,1670.0,0.7610778443113773,0.0,1.0,T-,del,T11296-
11296.0,G,T,397.0,0.0,38.8,1670.0,0.2377245508982036,1.0,1.0,TG,tv,T11296G
12880.0,T,C,252.0,0.0,38.8,252.0,1.0,0.0,1.0,CT,ts,C12880T
14408.0,T,C,804.0,0.0,38.6,805.0,0.9987577639751553,0.0,1.0,CT,ts,C14408T
15157.0,A,C,61.0,0.0,37.0,1152.0,0.0529513888888888,1.0,1.0,CA,ox,C15157A
15173.0,A,C,51.0,0.0,37.4,1113.0,0.045822102425876,1.0,1.0,CA,ox,C15173A
15714.0,T,C,1537.0,0.0,38.7,1544.0,0.9954663212435232,0.0,1.0,CT,ts,C15714T
16362.0,T,C,1400.0,0.0,38.6,1414.0,0.99009900990099,0.0,1.0,CT,ts,C16362T
16580.0,T,C,1122.0,0.0,38.6,1122.0,1.0,0.0,1.0,CT,ts,C16580T
17323.0,G,T,803.0,0.0,38.6,1207.0,0.6652858326429163,0.0,1.0,TG,tv,T17323G
17410.0,T,C,1470.0,0.0,38.7,1476.0,0.9959349593495936,0.0,1.0,CT,ts,C17410T
18163.0,G,A,1220.0,0.0,38.0,1220.0,1.0,0.0,1.0,AG,ts,A18163G
19955.0,T,C,135.0,0.0,38.7,135.0,1.0,0.0,1.0,CT,ts,C19955T
21618.0,T,C,862.0,0.0,38.7,864.0,0.9976851851851852,0.0,1.0,CT,ts,C21618T
21633.0,-,T,455.0,0.0,0.0,458.0,0.9934497816593888,0.0,1.0,T-,del,T21633-
21634.0,-,A,455.0,0.0,0.0,458.0,0.9934497816593888,0.0,1.0,A-,del,A21634-
21635.0,-,C,455.0,0.0,0.0,458.0,0.9934497816593888,0.0,1.0,C-,del,C21635-
21636.0,-,C,455.0,0.0,0.0,458.0,0.9934497816593888,0.0,1.0,C-,del,C21636-
21637.0,-,C,455.0,0.0,0.0,458.0,0.9934497816593888,0.0,1.0,C-,del,C21637-
21638.0,-,C,455.0,0.0,0.0,458.0,0.9934497816593888,0.0,1.0,C-,del,C21638-
21639.0,-,C,455.0,0.0,0.0,458.0,0.9934497816593888,0.0,1.0,C-,del,C21639-
21640.0,-,T,455.0,0.0,0.0,458.0,0.9934497816593888,0.0,1.0,T-,del,T21640-
21641.0,-,G,455.0,0.0,0.0,458.0,0.9934497816593888,0.0,1.0,G-,del,G21641-
21987.0,A,G,725.0,0.0,38.3,728.0,0.9958791208791208,0.0,1.0,GA,ts,G21987A
22200.0,G,T,636.0,0.0,38.4,639.0,0.9953051643192488,0.0,1.0,TG,tv,T22200G
22578.0,A,G,383.0,0.0,38.2,385.0,0.9948051948051948,0.0,1.0,GA,ts,G22578A
22674.0,T,C,334.0,0.0,38.6,334.0,1.0,0.0,1.0,CT,ts,C22674T
22679.0,C,T,327.0,0.0,38.6,327.0,1.0,0.0,1.0,TC,ts,T22679C
22686.0,T,C,297.0,0.0,38.6,297.0,1.0,0.0,1.0,CT,ts,C22686T
22688.0,G,A,297.0,0.0,38.5,297.0,1.0,0.0,1.0,AG,ts,A22688G
22813.0,T,G,219.0,0.0,38.7,219.0,1.0,0.0,1.0,GT,ox,G22813T
22882.0,G,T,344.0,0.0,38.7,344.0,1.0,0.0,1.0,TG,tv,T22882G
22992.0,A,G,599.0,0.0,38.2,600.0,0.9983333333333332,0.0,1.0,GA,ts,G22992A
22995.0,A,C,630.0,0.0,38.6,630.0,1.0,0.0,1.0,CA,ox,C22995A
23013.0,C,A,750.0,0.0,38.6,751.0,0.9986684420772304,0.0,1.0,AC,tv,A23013C
23040.0,G,A,823.0,0.0,38.1,836.0,0.9844497607655502,0.0,1.0,AG,ts,A23040G
23055.0,G,A,790.0,0.0,38.0,792.0,0.9974747474747476,0.0,1.0,AG,ts,A23055G
23063.0,T,A,767.0,0.0,38.7,767.0,1.0,0.0,1.0,AT,tv,A23063T
23075.0,C,T,765.0,0.0,38.6,768.0,0.99609375,0.0,1.0,TC,ts,T23075C
23403.0,G,A,907.0,0.0,38.5,908.0,0.998898678414097,0.0,1.0,AG,ts,A23403G
23525.0,T,C,1127.0,0.0,38.6,1129.0,0.9982285208148804,0.0,1.0,CT,ts,C23525T
23599.0,G,T,274.0,0.0,38.5,274.0,1.0,0.0,1.0,TG,tv,T23599G
23604.0,A,C,310.0,0.0,38.7,310.0,1.0,0.0,1.0,CA,ox,C23604A
23609.0,T,C,314.0,0.0,37.1,314.0,1.0,0.0,1.0,CT,ts,C23609T
23854.0,A,C,210.0,0.0,38.6,226.0,0.9292035398230089,0.0,1.0,CA,ox,C23854A
23948.0,T,G,281.0,0.0,38.8,306.0,0.9183006535947712,0.0,1.0,GT,ox,G23948T
24424.0,T,A,619.0,0.0,38.7,620.0,0.9983870967741936,0.0,1.0,AT,tv,A24424T
24469.0,A,T,1036.0,0.0,38.7,1041.0,0.9951969260326607,0.0,1.0,TA,tv,T24469A
25000.0,T,C,539.0,0.0,38.7,539.0,1.0,0.0,1.0,CT,ts,C25000T
25584.0,T,C,695.0,0.0,38.4,697.0,0.9971305595408896,0.0,1.0,CT,ts,C25584T
26060.0,T,C,1108.0,0.0,38.8,1109.0,0.9990982867448152,0.0,1.0,CT,ts,C26060T
26270.0,T,C,1003.0,0.0,38.6,1006.0,0.9970178926441352,0.0,1.0,CT,ts,C26270T
26577.0,G,C,381.0,0.0,38.6,385.0,0.9896103896103896,0.0,1.0,CG,tv,C26577G
26858.0,T,C,756.0,0.0,38.6,756.0,1.0,0.0,1.0,CT,ts,C26858T
27259.0,C,A,1012.0,0.0,38.6,1014.0,0.9980276134122288,0.0,1.0,AC,tv,A27259C
27382.0,C,G,1098.0,0.0,38.7,1098.0,1.0,0.0,1.0,GC,tv,G27382C
27383.0,T,A,1097.0,0.0,38.7,1098.0,0.999089253187614,0.0,1.0,AT,tv,A27383T
27384.0,C,T,1096.0,0.0,38.6,1097.0,0.9990884229717412,0.0,1.0,TC,ts,T27384C
27509.0,T,C,58.0,0.0,38.3,860.0,0.0674418604651162,1.0,1.0,CT,ts,C27509T
27708.0,A,G,88.0,0.0,38.3,566.0,0.1554770318021201,1.0,1.0,GA,ts,G27708A
27782.0,G,C,1264.0,0.0,38.7,1266.0,0.9984202211690364,0.0,1.0,CG,tv,C27782G
27807.0,T,C,1272.0,0.0,38.7,1273.0,0.9992144540455616,0.0,1.0,CT,ts,C27807T
28271.0,T,A,1171.0,0.0,38.6,1174.0,0.9974446337308348,0.0,1.0,AT,tv,A28271T
28311.0,T,C,1390.0,0.0,38.5,1395.0,0.996415770609319,0.0,1.0,CT,ts,C28311T
28362.0,-,G,340.0,0.0,0.0,812.0,0.4187192118226601,1.0,1.0,G-,del,G28362-
28363.0,-,A,598.0,0.0,0.0,599.0,0.998330550918197,0.0,1.0,A-,del,A28363-
28364.0,-,G,599.0,0.0,0.0,600.0,0.9983333333333332,0.0,1.0,G-,del,G28364-
28365.0,-,A,599.0,0.0,0.0,599.0,1.0,0.0,1.0,A-,del,A28365-
28366.0,-,A,599.0,0.0,0.0,599.0,1.0,0.0,1.0,A-,del,A28366-
28367.0,-,C,599.0,0.0,0.0,599.0,1.0,0.0,1.0,C-,del,C28367-
28368.0,-,G,599.0,0.0,0.0,599.0,1.0,0.0,1.0,G-,del,G28368-
28369.0,-,C,599.0,0.0,0.0,599.0,1.0,0.0,1.0,C-,del,C28369-
28370.0,-,A,598.0,0.0,0.0,599.0,0.998330550918197,0.0,1.0,A-,del,A28370-
28371.0,-,G,259.0,0.0,inf,666.0,0.3888888888888889,1.0,1.0,G-,del,G28371-
28541.0,T,G,136.0,0.0,38.2,243.0,0.5596707818930041,0.0,1.0,GT,ox,G28541T
28570.0,C,T,72.0,0.0,37.9,450.0,0.16,1.0,1.0,TC,ts,T28570C
29510.0,C,A,149.0,0.0,38.7,152.0,0.9802631578947368,0.0,1.0,AC,tv,A29510C
